"student_id","stu_name","department","email_id","phone_no","address","date_of_birth","gender","major","gpa","grade"
1,"John","Engineering","john@example.com","1234567890","123 Main St","1995-05-15","Male","Computer Science","7.5","B"
3,"Manik","Science","manik@example.com","5555555555","789 new colony Road","1996-07-10","Male","Biology","8.2","A"
4,"Sarah","Engineering","sarah123@example.com","3333333333","101 Radha nagar","1995-02-03","Female","Electrical Engineering","3.9","C"
5,"David","Arts","david97@example.com","7777777777","222 vivekananda St","1997-11-30","Male","History","6.5","B"
6,"Jandiya","Business","jan@example.com","9999999999","333 Shanthi colony","1994-04-25","Female","Finance","8.0","A"
7,"Adhvaith","Science","adv@example.com","4444444444","444 bharathiyar St","1996-03-12","Male","Chemistry","5.5","B"
8,"Aneefa","Engineering","aneef08@example.com","2222222222","555 church road","1995-08-08","Male","Mechanical Engineering","4.5","C"
9,"Janvi","Arts","janu@example.com","6666666666","666 ring road","1997-12-18","Female","English","9.2","A"
10,"Preetha","Business","preetha@example.com","1111111111","777 VM st","1994-06-19","Female","Management","7.5","B"
2,"Joshva","Business","josh20@example.com","9876543210","456 2nd cross St","1994-09-20","Male","Marketing","6.5","B"
